component,explained_variance_ratio,cumulative_variance
PC1,0.22921768730467687,0.22921768730467687
PC2,0.1680150242298324,0.39723271153450923
PC3,0.0948308324550386,0.4920635439895478
PC4,0.08460426252339183,0.5766678065129397
PC5,0.07500101813382987,0.6516688246467696
